appid,name,release_year,price_usd,total_reviews,total_positive,positive_ratio,genres,is_multiplayer
570,Dota 2,2013,0.0,6092,5421,0.8899,Action|Strategy|Free To Play,1
730,Counter-Strike 2,2012,0.0,1321893,1139759,0.8622,Action|Free To Play,1
578080,PUBG: BATTLEGROUNDS,2017,0.0,277185,175311,0.6325,Action|Adventure|Massively Multiplayer|Free To Play,1
1623730,Palworld,2024,29.99,136508,130135,0.9533,Action|Adventure|Indie|RPG|Early Access,1
1172470,Apex Legends™,2020,0.0,1015,811,0.799,Action|Adventure|Free To Play,1
1063730,New World: Aeternum,2021,59.99,140656,96075,0.683,Action|Adventure|Massively Multiplayer|RPG,1
2358720,Black Myth: Wukong,2024,59.99,61885,58280,0.9417,Action|Adventure|RPG,0
1938090,Call of Duty®,2022,0.0,220868,128016,0.5796,Action,1
271590,Grand Theft Auto V Legacy,2015,0.0,564237,472304,0.8371,Action|Adventure,1
550,Left 4 Dead 2,2009,9.99,210683,205494,0.9754,Action,1
553850,HELLDIVERS™ 2,2024,39.99,564266,466011,0.8259,Action,1
1599340,Lost Ark,2022,0.0,38938,27216,0.699,Action|Adventure|Massively Multiplayer|RPG|Free To Play,1
304930,Unturned,2017,0.0,2882,2602,0.9028,Action|Adventure|Casual|Indie|Free To Play,1
236390,War Thunder,2013,0.0,777,533,0.686,Action|Massively Multiplayer|Simulation|Free To Play,1
1245620,ELDEN RING,2022,59.99,403842,380532,0.9423,Action|RPG,1
105600,Terraria,2011,9.99,556331,543674,0.9772,Action|Adventure|Indie|RPG,1
440,Team Fortress 2,2007,0.0,25184,18206,0.7229,Action|Free To Play,1
291550,Brawlhalla,2017,0.0,1571,1305,0.8307,Action|Indie|Free To Play,1
1086940,Baldur's Gate 3,2023,59.99,406333,393717,0.969,Adventure|RPG|Strategy,1
431960,Wallpaper Engine,2018,4.99,206316,202592,0.982,Casual|Indie|Animation & Modeling|Design & Illustration|Photo Editing|Utilities,0
4000,Garry's Mod,2006,9.99,497177,482373,0.9702,Casual|Indie|Simulation,1
359550,Tom Clancy's Rainbow Six® Siege,2015,19.99,600277,507215,0.845,Action,1
1085660,Destiny 2,2019,0.0,74209,60102,0.8099,Action|Adventure|Free To Play,1
252490,Rust,2018,39.99,489932,426702,0.8709,Action|Adventure|Indie|Massively Multiplayer|RPG,1
346110,ARK: Survival Evolved,2017,14.99,245314,199302,0.8124,Action|Adventure|Indie|Massively Multiplayer|RPG,1
892970,Valheim,2021,19.99,243542,231289,0.9497,Action|Adventure|Indie|RPG|Early Access,1
1091500,Cyberpunk 2077,2020,59.99,333011,291715,0.876,RPG,0
218620,PAYDAY 2,2013,9.99,170157,149527,0.8788,Action|RPG,1
901583,Grand Theft Auto IV: Complete Edition,,0.0,61421,49376,0.8039,Action|Adventure,1
238960,Path of Exile,2013,0.0,548,503,0.9179,Action|Adventure|Indie|Massively Multiplayer|RPG|Free To Play,1
242760,The Forest,2018,19.99,169320,161411,0.9533,Action|Adventure|Indie|Simulation,1
322330,Don't Starve Together,2016,14.99,77457,74133,0.9571,Action|Adventure|Indie|RPG|Simulation|Strategy,1
1203220,NARAKA: BLADEPOINT,2021,0.0,12850,10522,0.8188,Action|Adventure|Massively Multiplayer,1
899770,Last Epoch,2024,34.99,55370,47154,0.8516,Action|Adventure|Indie|RPG,1
413150,Stardew Valley,2016,14.99,351287,347471,0.9891,Indie|RPG|Simulation,1
340,Half-Life 2: Lost Coast,2005,0.0,5414,4843,0.8945,Action,0
381210,Dead by Daylight,2016,19.99,219628,177094,0.8063,Action,1
945360,Among Us,2018,4.99,361135,333065,0.9223,Casual,1
1097150,Fall Guys,2020,0.0,149309,125153,0.8382,Action|Casual|Indie|Massively Multiplayer|Sports,1
292030,The Witcher 3: Wild Hunt,2015,39.99,222004,214953,0.9682,RPG,0
227300,Euro Truck Simulator 2,2012,19.99,126491,123419,0.9757,Indie|Simulation,1
444090,Paladins®,2018,0.0,3301,2569,0.7782,Action|Adventure|Massively Multiplayer|Strategy|Free To Play,1
552990,World of Warships,2017,0.0,804,622,0.7736,Action|Massively Multiplayer|Simulation|Strategy|Free To Play,1
438100,VRChat,2017,0.0,110,92,0.8364,Adventure|Casual|Massively Multiplayer|Simulation|Sports|Free To Play|Early Access,1
320,Half-Life 2: Deathmatch,2004,0.0,4356,3919,0.8997,Action,1
272060,Serena,2014,0.0,29,18,0.6207,Adventure|Indie,0
739630,Phasmophobia,2020,19.99,328167,315821,0.9624,Action|Indie|Early Access,1
990080,Hogwarts Legacy,2023,59.99,126926,116448,0.9174,Action|Adventure|RPG,0
620,Portal 2,2011,9.99,158567,156741,0.9885,Action|Adventure,1
227940,Heroes & Generals,2016,0.0,958,530,0.5532,Action|Free To Play|Indie|Massively Multiplayer|Strategy,1
70,Half-Life,1998,9.99,52603,50741,0.9646,Action,1
252950,Rocket League®,2015,0.0,224949,195597,0.8695,Action|Indie|Racing|Sports,1
1966720,Lethal Company,2023,9.99,265677,259129,0.9754,Action|Adventure|Indie|Early Access,1
1517290,Battlefield™ 2042,2021,59.99,97027,45784,0.4719,Action|Adventure|Casual,1
1240440,Halo Infinite,2021,0.0,27091,18486,0.6824,Action|Free To Play,1
582010,Monster Hunter: World,2018,29.99,109496,101046,0.9228,Action,1
240,Counter-Strike: Source,2004,9.99,42323,40662,0.9608,Action,1
108600,Project Zomboid,2013,19.99,126571,119319,0.9427,Indie|RPG|Simulation|Early Access,1
386360,SMITE®,2015,0.0,757,592,0.782,Action|Adventure|Casual|Massively Multiplayer|RPG|Strategy|Free To Play,1
10,Counter-Strike,2000,9.99,32913,31807,0.9664,Action,1
648800,Raft,2022,19.99,121033,113616,0.9387,Adventure|Indie|Simulation,1
1468810,鬼谷八荒 Tale of Immortal,2023,19.99,3471,2704,0.779,Action|Adventure|Indie|RPG|Simulation,0
444200,World of Tanks Blitz,2016,0.0,219,155,0.7078,Action|Massively Multiplayer|Simulation|Strategy|Free To Play,1
755790,Ring of Elysium,2019,0.0,233,167,0.7167,Action|Free To Play|Massively Multiplayer,1
1174180,Red Dead Redemption 2,2019,59.99,244699,223636,0.9139,Action|Adventure,1
250900,The Binding of Isaac: Rebirth,2014,14.99,127112,123641,0.9727,Action,1
550650,Black Squad,2019,0.0,11,5,0.4545,Action|Free To Play,1
367520,Hollow Knight,2017,14.99,131526,127826,0.9719,Action|Adventure|Indie,0
301520,Robocraft,2017,0.0,963,605,0.6282,Action|Indie|Massively Multiplayer|RPG|Simulation|Free To Play,1
239140,Dying Light,2025,29.99,88312,83299,0.9432,Action|RPG,1
477160,Human Fall Flat,2016,19.99,29235,27852,0.9527,Adventure|Casual|Indie|Simulation,1
251570,7 Days to Die,2024,44.99,115225,101493,0.8808,Action|Adventure|Indie|RPG|Simulation|Strategy,1
814380,Sekiro™: Shadows Die Twice - GOTY Edition,2019,59.99,78699,73843,0.9383,Action|Adventure,0
1222670,The Sims™ 4,2020,0.0,44611,39388,0.8829,Adventure|Casual|Simulation|Free To Play,0
417910,Street Warriors Online,2016,1.99,84,48,0.5714,Action|Massively Multiplayer|Simulation|Sports,1
433850,Z1 Battle Royale,2018,0.0,37747,19311,0.5116,Action|Adventure|Free To Play|Massively Multiplayer,1
594650,Hunt: Showdown 1896,2019,29.99,88363,67122,0.7596,Action,1
220,Half-Life 2,2004,9.99,80993,78844,0.9735,Action,0
230410,Warframe,2013,0.0,1138,1000,0.8787,Action|RPG|Free To Play,1
219990,Grim Dawn,2016,24.99,36586,34804,0.9513,Action|Adventure|Indie|RPG,1
261550,Mount & Blade II: Bannerlord,2022,49.99,90025,78493,0.8719,Action|Indie|RPG|Simulation|Strategy,1
8930,Sid Meier's Civilization® V,2010,29.99,76062,72731,0.9562,Strategy,1
304050,Trove,2015,0.0,422,309,0.7322,Action|Adventure|Casual|Massively Multiplayer|RPG|Free To Play,1
107410,Arma 3,2013,29.99,106575,97681,0.9165,Action|Simulation|Strategy,1
377160,Fallout 4,2015,19.99,165215,137799,0.8341,RPG,0
532210,Life is Strange 2,2018,0.0,8619,7073,0.8206,Adventure,0
255710,Cities: Skylines,2015,29.99,95728,89045,0.9302,Simulation|Strategy,0
1326470,Sons Of The Forest,2024,29.99,100172,88143,0.8799,Action|Adventure|Indie|Simulation,1
289070,Sid Meier’s Civilization® VI,2016,59.99,100457,85372,0.8498,Strategy,1
526870,Satisfactory,2024,39.99,114643,111799,0.9752,Adventure|Indie|Simulation|Strategy,1
1238810,Battlefield™ V,2020,49.99,31873,22580,0.7084,Action,1
60,Ricochet,2000,4.99,2850,2449,0.8593,Action,1
221100,DayZ,2018,49.99,166573,122057,0.7328,Action|Adventure|Massively Multiplayer,1
1089350,NBA 2K20,2019,0.0,10252,6292,0.6137,Simulation|Sports,1
204360,Castle Crashers®,2012,14.99,40327,39098,0.9695,Action|Adventure|Casual|Indie|RPG,1
632360,Risk of Rain 2,2020,24.99,145132,137656,0.9485,Action|Indie,1
96000,The Tiny Bang Story,2011,4.99,1584,1377,0.8693,Adventure|Casual|Indie,0
275850,No Man's Sky,2016,59.99,160874,128165,0.7967,Action|Adventure,1
1811260,EA SPORTS™ FIFA 23,2022,0.0,35705,21673,0.607,Simulation|Sports,1
322170,Geometry Dash,2014,4.99,182562,170972,0.9365,Action|Indie,0
1046930,Dota Underlords,2019,0.0,0,0,,Casual|Strategy|Free To Play,1
49520,Borderlands 2,2012,19.99,115018,108269,0.9413,Action|RPG,1
224260,No More Room in Hell,2013,0.0,290,238,0.8207,Action|Indie|Free To Play,1
489520,Minion Masters,2019,0.0,644,508,0.7888,Action|Adventure|Indie|RPG|Strategy|Free To Play,1
80,Counter-Strike: Condition Zero,2004,9.99,6904,6296,0.9119,Action,1
394360,Hearts of Iron IV,2016,49.99,109904,100872,0.9178,Simulation|Strategy,1
466240,Deceit,2017,0.0,733,498,0.6794,Action|Indie|Free To Play,1
489830,The Elder Scrolls V: Skyrim Special Edition,2016,39.99,114791,108651,0.9465,RPG,0
370910,Kathy Rain,2016,9.99,1178,1091,0.9261,Adventure|Indie,0
278360,A Story About My Uncle,2014,14.99,7149,6607,0.9242,Adventure|Casual|Indie,0
300,Day of Defeat: Source,2010,9.99,7141,6489,0.9087,Action,1
275390,Guacamelee! Super Turbo Championship Edition,2014,14.99,1204,1110,0.9219,Action|Adventure|Indie,1
374320,DARK SOULS™ III,2016,59.99,101025,94961,0.94,Action,1
284160,BeamNG.drive,2015,24.99,164457,160608,0.9766,Racing|Simulation|Early Access,0
700330,SCP: Secret Laboratory,2017,0.0,0,0,,Action|Free To Play,1
311210,Call of Duty®: Black Ops III,2015,59.99,106807,95996,0.8988,Action|Adventure,1
1172620,Sea of Thieves: 2025 Edition,2020,39.99,138342,124101,0.8971,Action|Adventure,1
1407200,World of Tanks,2021,0.0,172,140,0.814,Action|Massively Multiplayer|Simulation|Free To Play,1
2050650,Resident Evil 4,2023,39.99,48008,46591,0.9705,Action|Adventure,0
976730,Halo: The Master Chief Collection,2019,39.99,151537,139843,0.9228,Action,1
203160,Tomb Raider,2013,14.99,46910,44268,0.9437,Action|Adventure,1
72850,The Elder Scrolls V: Skyrim,2011,19.99,101724,94131,0.9254,RPG,0
10180,Call of Duty®: Modern Warfare® 2 (2009),2009,19.99,15791,14391,0.9113,Action,1
883710,Resident Evil 2,2019,39.99,44878,43460,0.9684,Action,0
588430,Fallout Shelter,2017,0.0,0,0,,RPG|Simulation|Free To Play,0
218230,PlanetSide 2,2012,0.0,330,245,0.7424,Action|Massively Multiplayer|Free To Play,1
333930,Dirty Bomb®,2015,0.0,840,691,0.8226,Action|Free To Play,1
22380,Fallout: New Vegas,2010,9.99,146822,141334,0.9626,Action|RPG,0
1426210,It Takes Two,2021,39.99,40542,38900,0.9595,Action|Adventure,1
2881650,Content Warning,2024,7.99,28534,26881,0.9421,Action|Adventure|Indie,1
1446780,MONSTER HUNTER RISE,2022,39.99,31561,27291,0.8647,Action,1
387990,Scrap Mechanic,2016,19.99,44563,40695,0.9132,Action|Adventure|Indie|Simulation|Early Access,1
582660,Black Desert,2017,9.99,34390,25083,0.7294,Action|Adventure|Massively Multiplayer|RPG|Simulation|Strategy,1
2694490,Path of Exile 2,2024,29.99,76178,56198,0.7377,Action|Adventure|Massively Multiplayer|RPG|Early Access,1
20,Team Fortress Classic,1999,4.99,4014,3467,0.8637,Action,1
219640,Chivalry: Medieval Warfare,2012,24.99,22056,17965,0.8145,Action|Indie,1
518790,theHunter: Call of the Wild™,2017,19.99,54848,49390,0.9005,Adventure|Simulation|Sports,1
30,Day of Defeat,2003,4.99,2079,1847,0.8884,Action,1
244210,Assetto Corsa,2014,19.99,51606,47911,0.9284,Indie|Racing|Simulation|Sports,1
1818750,MultiVersus,2022,0.0,5323,3790,0.712,Action|Free To Play,1
1794680,Vampire Survivors,2022,4.99,120818,119121,0.986,Action|Casual|Indie|RPG,0
306130,The Elder Scrolls® Online,2017,19.99,70454,58065,0.8242,Action|Adventure|Massively Multiplayer|RPG,1
363970,Clicker Heroes,2015,0.0,304,274,0.9013,Adventure|Casual|Indie|RPG|Simulation|Strategy|Free To Play,0
225840,Sven Co-op,2016,0.0,119,114,0.958,Action|Casual|Indie|Free To Play,1
844870,KurtzPel,2019,0.0,40,20,0.5,Action|Free To Play|Early Access,1
1293830,Forza Horizon 4,2021,0.0,52132,46524,0.8924,Racing,1
236850,Europa Universalis IV,2013,49.99,45491,39645,0.8715,Simulation|Strategy,1
253710,theHunter Classic,2014,0.0,234,98,0.4188,Action|Adventure|Free To Play|Simulation|Sports,1
12210,Grand Theft Auto IV: The Complete Edition,2020,19.99,61421,49376,0.8039,Action|Adventure,1
273350,Evolve Stage 2,2015,0.0,5133,3347,0.6521,Action|Free To Play,1
1145360,Hades,2020,24.99,130366,128488,0.9856,Action|Indie|RPG,0
319630,Life is Strange - Episode 1,2015,0.0,52958,51050,0.964,Action|Adventure,0
365590,Tom Clancy’s The Division™,2016,29.99,25835,18842,0.7293,Action|Adventure|RPG,1
1229490,ULTRAKILL,2020,24.99,111078,108774,0.9793,Action|Indie|Early Access,0
365670,Blender,2015,0.0,72,69,0.9583,Animation & Modeling|Design & Illustration|Video Production,0
813820,Realm Royale Reforged,2018,0.0,20,18,0.9,Action|Free To Play|Early Access,1
2183900,"Warhammer 40,000: Space Marine 2",2024,59.99,73640,63444,0.8615,Action|Adventure|RPG,1
238460,BattleBlock Theater®,2014,14.99,22989,22343,0.9719,Action|Adventure|Casual|Indie,1
308600,Gene Shift Auto,2017,0.0,97,94,0.9691,Action|Indie|Free To Play|Early Access,1
594570,Total War: WARHAMMER II,2017,59.99,50251,46967,0.9346,Action|Strategy,1
231430,Company of Heroes 2,2013,19.99,27479,23237,0.8456,Strategy,1
211500,RaceRoom Racing Experience,2013,0.0,655,560,0.855,Racing|Simulation|Sports|Free To Play,1
242050,Assassin’s Creed® IV Black Flag™,,39.99,27716,23892,0.862,Action|Adventure,1
427520,Factorio,2020,35.0,105903,104046,0.9825,Casual|Indie|Simulation|Strategy,1
601150,Devil May Cry 5,2019,29.99,33560,32063,0.9554,Action,1
12120,Grand Theft Auto: San Andreas,2008,0.0,22244,19846,0.8922,Action,0
1286830,STAR WARS™: The Old Republic™,2020,0.0,340,300,0.8824,Massively Multiplayer|RPG|Free To Play,1
268500,XCOM® 2,2016,59.99,41831,35862,0.8573,Strategy,0
500,Left 4 Dead,2008,9.99,18084,17244,0.9536,Action,1
8870,BioShock Infinite,2013,29.99,45846,41911,0.9142,Action,0
629760,MORDHAU,2019,29.99,58828,47997,0.8159,Action|Indie,1
588650,Dead Cells,2018,24.99,41147,39685,0.9645,Action|Adventure|Indie,0
646570,Slay the Spire,2019,24.99,65709,64266,0.978,Indie|Strategy,0
233450,Prison Architect,2015,29.99,33176,29550,0.8907,Indie|Simulation|Strategy,0
109600,Neverwinter,2013,0.0,108,76,0.7037,Action|Adventure|Massively Multiplayer|RPG|Free To Play,1
380,Half-Life 2: Episode One,2006,0.0,11926,11352,0.9519,Action,0
677620,Splitgate,2019,0.0,159,149,0.9371,Action|Free To Play|Indie,1
1049590,Eternal Return,2023,0.0,19,17,0.8947,Indie|Strategy|Free To Play,1
1118200,People Playground,2019,9.99,159137,157283,0.9883,Action|Casual|Indie|Simulation,0
268910,Cuphead,2017,19.99,58159,55949,0.962,Action|Indie,1
397900,Business Tour - Board Game with Online Multiplayer,2017,0.0,4,3,0.75,Adventure|Casual|Indie|Massively Multiplayer|Simulation|Strategy|Free To Play,1
435150,Divinity: Original Sin 2 - Definitive Edition,2017,44.99,78227,74633,0.9541,Adventure|RPG|Strategy,1
698780,Doki Doki Literature Club!,2017,0.0,202,199,0.9851,Casual|Free To Play|Indie,0
1237970,Titanfall® 2,2020,29.99,85329,81409,0.9541,Action,1
863550,HITMAN™ 2,2018,0.0,13832,12727,0.9201,Action,1
273110,Counter-Strike Nexon,2014,0.0,162,94,0.5802,Action|Casual|Indie|Massively Multiplayer|Free To Play,1
555570,Infestation: The New Z,2016,0.0,820,350,0.4268,Action|Indie|Massively Multiplayer|RPG|Free To Play,1
868270,The Cycle: Frontier,2022,0.0,285,218,0.7649,Action|Free To Play|Massively Multiplayer,1
1593500,God of War,2022,49.99,52987,51225,0.9667,Action|Adventure|RPG,0
782330,DOOM Eternal,2020,39.99,115444,105346,0.9125,Action,1
360,Half-Life Deathmatch: Source,2006,9.99,1808,1351,0.7472,Action,1
113400,APB Reloaded,2011,0.0,173,76,0.4393,Action|Massively Multiplayer|Free To Play,1
15700,Oddworld: Abe's Oddysee®,2008,2.99,1269,1133,0.8928,Adventure,0
6060,"STAR WARS™ Battlefront II (Classic, 2005)",2009,9.99,34255,32517,0.9493,Action,1
391220,Rise of the Tomb Raider™,2016,29.99,27616,25531,0.9245,Action|Adventure,0
304390,FOR HONOR™,2024,29.99,51476,36135,0.702,Action,1
285800,Braveland,2014,9.99,458,345,0.7533,Adventure|Casual|Indie|RPG|Strategy,0
206420,Saints Row IV: Re-Elected,2013,19.99,23087,19462,0.843,Action|Adventure,1
466560,Northgard,2018,29.99,21984,18771,0.8538,Adventure|Indie|Simulation|Strategy,1
225540,Just Cause™ 3,2015,19.99,42998,37011,0.8608,Action|Adventure,0
1868140,DAVE THE DIVER,2023,19.99,42734,41433,0.9696,Adventure|Casual|RPG|Simulation,0
386180,Crossout,2017,0.0,548,331,0.604,Action|Adventure|Massively Multiplayer|Racing|Free To Play,1
1116170,CyberCorp,2025,14.99,107,79,0.7383,Action|Adventure|Indie|RPG,1
264710,Subnautica,2018,29.99,160963,156001,0.9692,Adventure|Indie,0
812140,Assassin's Creed® Odyssey,2018,59.99,54283,48619,0.8957,Action|Adventure|RPG,0
223750,DCS World Steam Edition,2013,0.0,367,318,0.8665,Simulation|Free To Play,1
262060,Darkest Dungeon®,2016,24.99,53384,48493,0.9084,Indie|RPG|Strategy,0
252130,Divide By Sheep,2015,4.99,285,264,0.9263,Adventure|Casual|Indie,0
211820,Starbound,2016,14.99,51371,45717,0.8899,Action|Adventure|Casual|Indie|RPG,1
960090,Bloons TD 6,2018,13.99,207121,201700,0.9738,Strategy,1
200210,Realm of the Mad God Exalt,2012,0.0,120,94,0.7833,Action|Adventure|Indie|Massively Multiplayer|RPG|Free To Play,1
424840,Little Nightmares,2017,19.99,17819,16835,0.9448,Adventure,0
380600,Fishing Planet,2017,0.0,223,147,0.6592,Massively Multiplayer|Simulation|Sports|Free To Play,1
1225330,NBA 2K21,2020,0.0,7902,4234,0.5358,Simulation|Sports,1
240720,Getting Over It with Bennett Foddy,2017,7.99,38621,32679,0.8461,Action,0
8190,Just Cause 2,2010,14.99,18564,16991,0.9153,Action|Adventure,0
1144200,Ready or Not,2023,49.99,102489,92354,0.9011,Action|Adventure|Indie,1
42910,Magicka,2011,9.99,8463,7074,0.8359,Action|RPG,1
39210,FINAL FANTASY XIV Online,2014,19.99,57009,50275,0.8819,Massively Multiplayer|RPG,1
1677740,Stumble Guys,2021,0.0,308,268,0.8701,Action|Casual|Indie|Massively Multiplayer|Racing|Free To Play,1
1238840,Battlefield™ 1,2020,39.99,38078,32964,0.8657,Action|Massively Multiplayer,1
397540,Borderlands 3,2020,59.99,55242,45747,0.8281,Action|RPG,1
1250,Killing Floor,2009,19.99,21018,20200,0.9611,Action,1
238320,Outlast,2013,19.99,25731,24714,0.9605,Action|Adventure|Indie,0
508440,Totally Accurate Battle Simulator,2021,19.99,76096,74644,0.9809,Indie|Simulation|Strategy,1
222880,Insurgency,2014,14.99,35661,32940,0.9237,Action|Indie|Strategy,1
221380,Age of Empires II (Retired),2013,19.99,36150,34402,0.9516,Strategy,1
1716740,Starfield,2023,69.99,80990,46959,0.5798,RPG,0
115300,Call of Duty®: Modern Warfare® 3 (2011),2011,39.99,6395,5625,0.8796,Action,1
761890,Albion Online,2018,0.0,889,624,0.7019,Massively Multiplayer|RPG|Free To Play,1
1604030,V Rising,2024,34.99,49854,44831,0.8992,Action|Adventure|Massively Multiplayer,1
630,Alien Swarm,2010,0.0,115,109,0.9478,Action|Free To Play,1
513710,SCUM,2018,39.99,34882,26131,0.7491,Action|Adventure|Indie|Massively Multiplayer|Early Access,1
744900,Dead Frontier 2,2019,0.0,0,0,,Action|Indie|Massively Multiplayer|RPG|Free To Play,1
244850,Space Engineers,2019,19.99,65257,58651,0.8988,Action|Indie|Simulation|Strategy,1
351940,The Descendant,2016,14.99,338,252,0.7456,Adventure|Casual|Indie,0
20920,The Witcher 2: Assassins of Kings Enhanced Edition,2012,19.99,24642,21696,0.8804,RPG,0
355840,Survarium,2015,0.0,112,68,0.6071,Action|Free To Play|Massively Multiplayer|RPG|Early Access,1
286160,Tabletop Simulator,2015,19.99,28723,27654,0.9628,Casual|Indie|RPG|Simulation|Strategy,1
212680,FTL: Faster Than Light,2012,9.99,44518,42614,0.9572,Indie|Simulation|Strategy,0
281990,Stellaris,2016,39.99,70510,61889,0.8777,Simulation|Strategy,1
1222680,Need for Speed™ Heat,2020,69.99,44582,37799,0.8479,Action|Adventure|Racing|Sports,1
504370,Battlerite,2017,0.0,9859,8681,0.8805,Action|Free To Play,1
1366540,Dyson Sphere Program,2021,19.99,22798,22020,0.9659,Indie|Simulation|Strategy|Early Access,0
220240,Far Cry 3,2012,19.99,38028,32514,0.855,Action|Adventure,1
379720,DOOM,2016,19.99,79171,75726,0.9565,Action,1
1817070,Marvel’s Spider-Man Remastered,2022,59.99,46488,44896,0.9658,Action|Adventure|Casual,0
323190,Frostpunk,2018,29.99,36189,33525,0.9264,Simulation|Strategy,0
234140,Mad Max,2015,19.99,24280,22157,0.9126,Action|Adventure,0
33930,Arma 2: Operation Arrowhead,2010,19.99,8698,8081,0.9291,Action|Simulation|Strategy,1
202970,Call of Duty®: Black Ops II,2012,59.99,11356,9624,0.8475,Action,1
1721470,Poppy Playtime,2021,0.0,16005,12867,0.8039,Action|Adventure|Indie,0
1506830,FIFA 22,2021,0.0,33500,27073,0.8081,Simulation|Sports,1
24240,PAYDAY™ The Heist,2011,14.99,8347,7732,0.9263,Action,1
871720,Ultimate Custom Night,2018,0.0,6,6,1.0,Action|Free To Play|Indie,0
212500,The Lord of the Rings Online™,2012,0.0,98,84,0.8571,Action|Adventure|Massively Multiplayer|RPG|Free To Play,1
1180380,Stay Out,2019,0.0,0,0,,Action|Indie|Massively Multiplayer|RPG|Free To Play|Early Access,1
304430,INSIDE,2016,19.99,21835,21018,0.9626,Action|Adventure|Indie,0
311690,Enter the Gungeon,2016,14.99,37455,35779,0.9553,Action|Adventure|Indie,1
620980,Beat Saber,2019,29.99,52233,50126,0.9597,Indie,1
671860,BattleBit Remastered,2023,14.99,76515,64968,0.8491,Action|Massively Multiplayer|Early Access,1
674940,Stick Fight: The Game,2017,4.99,51682,48721,0.9427,Action|Casual|Indie,1
205100,Dishonored,2012,9.99,36595,35646,0.9741,Action|Adventure,0
1145350,Hades II,2024,29.99,34556,33514,0.9698,Action|Indie|RPG|Early Access,0
1196590,Resident Evil Village,2021,39.99,37796,35895,0.9497,Action,0
3590,Plants vs. Zombies GOTY Edition,2009,4.99,37077,36375,0.9811,Strategy,0
552520,Far Cry® 5,2018,59.99,64630,51909,0.8032,Action|Adventure,1
457140,Oxygen Not Included,2019,24.99,45033,43250,0.9604,Indie|Simulation,0
504230,Celeste,2018,19.99,51040,49753,0.9748,Action|Adventure|Indie,0
546560,Half-Life: Alyx,2020,59.99,57905,56869,0.9821,Action|Adventure,0
813780,Age of Empires II: Definitive Edition,2019,34.99,55150,52363,0.9495,Strategy,1
63380,Sniper Elite V2,,0.0,2567,2224,0.8664,Action,1
8500,EVE Online,2010,0.0,5191,4091,0.7881,Action|Massively Multiplayer|RPG|Strategy|Free To Play,1
613100,House Flipper,2018,24.99,42679,40245,0.943,Indie|Simulation,0
7670,BioShock™,2007,19.99,12278,11482,0.9352,Action|RPG,0
962130,Grounded,2022,39.99,36003,33264,0.9239,Action|Adventure,1
601510,Yu-Gi-Oh! Duel Links,2017,0.0,0,0,,Strategy|Free To Play,1
261640,Borderlands: The Pre-Sequel,2014,39.99,17862,13856,0.7757,Action|RPG,1
270880,American Truck Simulator,2016,19.99,82680,80467,0.9732,Indie|Simulation,1
884660,CRSED: Cuisine Royale,2018,0.0,3,3,1.0,Action|Massively Multiplayer|Free To Play,1
48000,LIMBO,2011,9.99,11746,10791,0.9187,Action|Adventure|Indie,0
1832640,Mirror 2: Project X,2022,1.99,2449,1159,0.4733,Adventure|Indie|RPG|Early Access,0
208650,Batman™: Arkham Knight,2015,19.99,43282,39583,0.9145,Action|Adventure,0
55150,"Warhammer 40,000: Space Marine - Anniversary Edition",2011,39.99,10994,10137,0.922,Action,1
201270,Total War: SHOGUN 2,2011,29.99,20160,18634,0.9243,Strategy,1
203770,Crusader Kings II,2012,0.0,22299,20702,0.9284,RPG|Simulation|Strategy|Free To Play,1
302830,BLOCKADE 3D,2014,0.0,91,43,0.4725,Action|Free To Play|Early Access,1
274190,Broforce,2015,14.99,20002,19321,0.966,Action|Adventure|Casual|Indie,1
389730,TEKKEN 7,2017,39.99,29963,27295,0.911,Action|Sports,1
440900,Conan Exiles,2018,39.99,36215,28787,0.7949,Action|Adventure|Massively Multiplayer|RPG|Simulation|Strategy,1
312990,The Expendabros,2014,0.0,53,50,0.9434,Action|Adventure|Indie|Free To Play,1
376210,The Isle,2015,19.99,48961,38800,0.7925,Action|Adventure|Indie|Massively Multiplayer|Simulation|Early Access,1
10090,Call of Duty: World at War,2008,19.99,31938,29517,0.9242,Action,1
220200,Kerbal Space Program,2015,39.99,71403,68328,0.9569,Indie|Simulation,0
20900,The Witcher: Enhanced Edition Director's Cut,2008,9.99,0,0,,Action|RPG,0
1260320,Party Animals,2023,19.99,15435,13832,0.8961,Action|Casual|Indie,1
265630,Fistful of Frags,2014,0.0,251,223,0.8884,Action|Free To Play|Indie,1
1222140,Detroit: Become Human,2020,39.99,37218,35166,0.9449,Action|Adventure,0
1259420,Days Gone,2021,39.99,32842,30257,0.9213,Action|Adventure,0
356190,Middle-earth™: Shadow of War™,2017,49.99,33150,29217,0.8814,Action|Adventure|RPG,0
516750,My Summer Car,2025,14.99,30814,28686,0.9309,Indie|Racing|Simulation,0
418460,Rising Storm 2: Vietnam,2017,24.99,26003,23200,0.8922,Action|Massively Multiplayer|Simulation|Strategy,1
552500,Warhammer: Vermintide 2,2018,29.99,41569,37344,0.8984,Action|Indie|RPG,1
214950,Total War: ROME II - Emperor Edition,2013,59.99,29810,25317,0.8493,Strategy,1
9480,Saints Row 2,2009,9.99,7789,5782,0.7423,Action,0
728880,Overcooked! 2,2018,24.99,12917,12108,0.9374,Action|Casual|Indie,1
439190,Stories: The Path of Destinies,2016,14.99,1116,959,0.8593,Action|Adventure|Indie|RPG,0
245170,Skullgirls 2nd Encore,2013,24.99,11699,10197,0.8716,Action|Indie,1
339610,Freestyle 2: Street Basketball,2015,0.0,78,53,0.6795,Action|Casual|Massively Multiplayer|Sports|Free To Play,1
219150,Hotline Miami,2012,9.99,37067,35877,0.9679,Action|Indie,0
1057090,Ori and the Will of the Wisps,2020,29.99,29075,28166,0.9687,Action,0
35450,Red Orchestra 2: Heroes of Stalingrad with Rising Storm,2011,19.99,11184,10508,0.9396,Action|Massively Multiplayer|Simulation,1
298110,Far Cry® 4,2014,29.99,21482,17368,0.8085,Action|Adventure,1
424370,Wolcen: Lords of Mayhem,2020,29.99,27637,15678,0.5673,Action|Adventure|Indie|RPG,0
881020,Granblue Fantasy: Relink,2024,59.99,10288,9498,0.9232,Action|Adventure|RPG,1
1056960,Wolfenstein: Youngblood,2019,19.99,5481,2467,0.4501,Action,1
232090,Killing Floor 2,2016,29.99,40853,36000,0.8812,Action,1
207610,The Walking Dead,2012,14.99,22433,21741,0.9692,Adventure,0
209080,Guns of Icarus Online,2012,4.99,6298,5778,0.9174,Action|Adventure|Indie|Simulation,1
918570,Century: Age of Ashes,2021,0.0,748,596,0.7968,Action|Indie|Racing|Free To Play,1
335240,Transformice,2015,0.0,83,71,0.8554,Free To Play|Indie|Massively Multiplayer,1
99900,Spiral Knights,2011,0.0,102,79,0.7745,Action|Adventure|Casual|Free To Play|Indie|Massively Multiplayer|RPG,1
359320,Elite Dangerous,2015,19.99,49515,37969,0.7668,Action|Adventure|Massively Multiplayer|RPG|Simulation|Strategy,1
1142710,Total War: WARHAMMER III,2022,59.99,49613,37234,0.7505,Action|Strategy,1
361420,ASTRONEER,2019,29.99,50244,46138,0.9183,Adventure|Indie,1
50,Half-Life: Opposing Force,1999,4.99,11978,11427,0.954,Action,1
223710,Cry of Fear,2013,0.0,129,94,0.7287,Action|Adventure|Indie,1
409710,BioShock™ Remastered,2016,19.99,23657,19153,0.8096,Action|RPG,0
50130,Mafia II (Classic),2011,29.99,9750,8908,0.9136,Action,0
307780,Mortal Kombat X,2015,19.99,10836,8689,0.8019,Action,1
1289310,Helltaker,2020,0.0,160,159,0.9938,Adventure|Free To Play|Indie,0
1203620,Enshrouded,2024,29.99,36459,32002,0.8778,Action|Adventure|RPG|Early Access,1
285900,Gang Beasts,2017,19.99,22896,19373,0.8461,Action|Adventure|Casual|Indie|Simulation,1
582160,Assassin's Creed® Origins,2017,59.99,32824,27518,0.8383,Action|Adventure|RPG,0
299360,Block N Load,2015,0.0,1087,809,0.7443,Action|Massively Multiplayer|Strategy|Free To Play,1
880940,Pummel Party,2018,14.99,13579,11955,0.8804,Action|Casual|Indie,1
4560,Company of Heroes - Legacy Edition,2007,36.99,2601,2442,0.9389,Action|Strategy,1
447040,Watch_Dogs® 2,2016,49.99,22284,18335,0.8228,Action|Adventure,1
1454400,Cookie Clicker,2021,4.99,46027,44494,0.9667,Casual|Indie|Simulation|Strategy,0
17410,Mirror's Edge™,2009,19.99,14242,12353,0.8674,Action|Adventure,0
362890,Black Mesa,2020,19.99,63442,60309,0.9506,Action|Adventure|Indie,1
233130,Shadow Warrior,2013,29.99,7926,7413,0.9353,Action|Adventure,0
224600,Defiance,2014,0.0,1629,1175,0.7213,Action|Free To Play|Massively Multiplayer|RPG,1
379430,Kingdom Come: Deliverance,2018,29.99,55518,46361,0.8351,Action|Adventure|RPG,0
976310,Mortal Kombat 11,2019,49.99,24100,20904,0.8674,Action,1
460930,Tom Clancy's Ghost Recon® Wildlands,2017,49.99,34236,27657,0.8078,Action|Adventure,1
247080,Crypt of the NecroDancer,2015,14.99,12011,11510,0.9583,Action|Indie|RPG,1
287700,METAL GEAR SOLID V: THE PHANTOM PAIN,2015,19.99,38889,35703,0.9181,Action|Adventure,1
678950,DRAGON BALL FighterZ,2018,59.99,24838,22673,0.9128,Action,1
391720,Layers of Fear (2016),2016,19.99,4929,4318,0.876,Adventure|Indie,0
33230,Assassin's Creed 2,2010,19.99,15884,13705,0.8628,Action|Adventure,0
209870,Blacklight: Retribution,2012,0.0,91,37,0.4066,Action|Free To Play,1
274170,Hotline Miami 2: Wrong Number,2015,14.99,21854,20095,0.9195,Action|Indie,0
335300,DARK SOULS™ II: Scholar of the First Sin,2015,39.99,30816,25596,0.8306,Action|RPG,1
113200,The Binding of Isaac,2011,4.99,22761,21564,0.9474,Action|Adventure|Indie|RPG,0
262410,World of Guns: Gun Disassembly,2014,0.0,143,109,0.7622,Action|Casual|Indie|Simulation|Strategy|Free To Play,0
1361210,"Warhammer 40,000: Darktide",2022,39.99,64081,46986,0.7332,Action|Adventure|Indie,1
418370,Resident Evil 7 Biohazard,2017,19.99,24725,23326,0.9434,Action|Adventure,0
1942280,Brotato,2023,4.99,25210,24388,0.9674,Action|Casual|Indie|RPG,1
291480,Warface: Clutch,2014,0.0,405,205,0.5062,Action|Massively Multiplayer|Free To Play,1
213670,South Park™: The Stick of Truth™,2014,29.99,28741,27896,0.9706,Action|Adventure|RPG,0
838350,太吾绘卷 The Scroll Of Taiwu,2018,19.99,685,520,0.7591,Adventure|Casual|Indie|RPG|Strategy|Early Access,0
203140,Hitman: Absolution™,2012,19.99,11871,10345,0.8715,Action,0
282070,This War of Mine,2014,19.99,18445,17172,0.931,Adventure|Indie|Simulation,0
767560,War Robots,2018,0.0,0,0,,Action|Free To Play,1
585690,Minimalism,2017,0.99,599,388,0.6477,Action|Adventure|Casual|Indie,0
1158310,Crusader Kings III,2020,49.99,43556,39745,0.9125,RPG|Simulation|Strategy,1
265930,Goat Simulator,2014,9.99,29604,26730,0.9029,Casual|Indie|Simulation,1
905370,Conqueror's Blade,2019,0.0,575,388,0.6748,Action|Massively Multiplayer|Strategy|Free To Play,1
12100,Grand Theft Auto III,2008,0.0,4471,3754,0.8396,Action,0
438740,Friday the 13th: The Game,2017,0.0,20621,15953,0.7736,Action,1
1943950,Escape the Backrooms,2022,9.99,29399,26545,0.9029,Indie|Early Access,1
214490,Alien: Isolation,2014,39.99,24377,22505,0.9232,Action,0
204880,Sins of a Solar Empire®: Rebellion,2012,19.99,7197,6811,0.9464,Action|Indie|Simulation|Strategy,1
617290,Remnant: From the Ashes,2019,39.99,23314,20243,0.8683,Action|Adventure|RPG,1
289650,Assassin's Creed® Unity,2014,29.99,22462,16862,0.7507,Action|Adventure,1
269210,Hero Siege,2014,7.99,11571,7128,0.616,Action|Adventure|Indie|Massively Multiplayer|RPG,1
312660,Sniper Elite 4,2017,59.99,14726,13394,0.9095,Action|Adventure,1
412020,Metro Exodus,2020,29.99,31789,27631,0.8692,Action,0
1371980,No Rest for the Wicked,2024,39.99,16070,13769,0.8568,Action|Adventure|RPG|Early Access,0
372000,Tree of Savior (English Ver.),2016,0.0,3134,1824,0.582,Massively Multiplayer|RPG|Free To Play,1
282440,Quake Live,2014,9.99,2428,2153,0.8867,Action,1
686810,Hell Let Loose,2021,49.99,57464,48592,0.8456,Action|Indie|Massively Multiplayer|Simulation|Strategy,1
1056640,Phantasy Star Online 2 New Genesis,2020,0.0,18,12,0.6667,Action|Massively Multiplayer|RPG|Free To Play,1
65800,Dungeon Defenders,2011,14.99,8214,7631,0.929,Action|Indie|RPG|Strategy,1
387290,Ori and the Blind Forest: Definitive Edition,2016,19.99,28789,27113,0.9418,Action,0
646910,The Crew™ 2,2018,29.99,25233,19470,0.7716,Action|Massively Multiplayer|Racing,1
331470,Everlasting Summer,2014,0.0,50,45,0.9,Adventure|Casual|Indie|Free To Play,0
233860,Kenshi,2018,29.99,42163,40077,0.9505,Action|Indie|RPG|Simulation|Strategy,0
287390,Metro: Last Light Redux,2014,19.99,18022,15797,0.8765,Action,0
242720,GunZ 2: The Second Duel,2014,0.0,28,22,0.7857,Action|Indie|Free To Play,1
407530,ARK: The Survival Of The Fittest,2017,0.0,2149,1580,0.7352,Action|Adventure|Indie|Massively Multiplayer|RPG|Strategy,1
581320,Insurgency: Sandstorm,2018,29.99,57031,49407,0.8663,Action,1
316010,Magic Duels,2015,0.0,652,517,0.7929,Free To Play|Strategy,1
1172380,STAR WARS Jedi: Fallen Order™,2019,39.99,76636,68246,0.8905,Action|Adventure,0
11020,TrackMania Nations Forever,2008,0.0,50,43,0.86,Racing,1
47870,Need For Speed: Hot Pursuit,2010,0.0,5261,4061,0.7719,Racing,1
305620,The Long Dark,2017,19.99,37063,32987,0.89,Adventure|Indie|Simulation|Strategy,0
3097560,Liar's Bar,2024,6.99,12758,11570,0.9069,Casual|Indie|Simulation|Strategy|Early Access,1
1274570,DEVOUR,2021,9.99,19786,17998,0.9096,Indie,1
221040,Resident Evil 6,2013,19.99,11592,8421,0.7264,Action|Adventure,1
427730,Who's Your Daddy?!,2016,6.99,16309,13397,0.8214,Action|Casual|Indie,1
105450,Age of Empires® III (2007),2012,0.0,11863,10780,0.9087,Simulation|Strategy,1
8850,BioShock® 2,2010,19.99,5673,4966,0.8754,Action,1
24200,DC Universe™ Online,2011,0.0,116,82,0.7069,Action|Adventure|Massively Multiplayer|RPG|Free To Play,1
248570,Toribash,2014,0.0,93,84,0.9032,Action|Indie|Strategy|Free To Play,1
286570,F1 2015,2015,0.0,487,216,0.4435,Racing|Sports,1
203290,America's Army: Proving Grounds,2013,0.0,76,61,0.8026,Action|Free To Play,1
641990,The Escapists 2,2017,19.99,10766,9806,0.9108,Indie|Simulation|Strategy,1
221910,The Stanley Parable,2013,14.99,27894,25754,0.9233,Adventure|Indie,0
238090,Sniper Elite 3,2014,29.99,6695,5232,0.7815,Action|Adventure,1
286940,S.K.I.L.L. - Special Force 2 (Shooter),2015,0.0,69,41,0.5942,Action|Adventure|Free To Play|Sports|Strategy,1
207140,SpeedRunners,2016,14.99,9489,8976,0.9459,Action|Casual|Indie|Racing|Sports,1
201790,Orcs Must Die! 2,2012,14.99,5931,5458,0.9202,Action|Adventure|Indie|RPG|Strategy,1
107100,Bastion,2011,14.99,17255,16625,0.9635,Action|Indie|RPG,0
295110,Just Survive,2015,0.0,31963,17898,0.56,Action|Adventure|Massively Multiplayer,1
524220,NieR:Automata™,2017,39.99,45295,40774,0.9002,Action|RPG,0
530700,Argo,2017,0.0,11,7,0.6364,Action|Free To Play,1
279720,The I of the Dragon,2015,7.99,197,127,0.6447,RPG,0
439700,Z1 Battle Royale: Test Server,2016,0.0,291,190,0.6529,Massively Multiplayer,1
209000,Batman™: Arkham Origins,2013,19.99,18366,16271,0.8859,Action|Adventure,0
848450,Subnautica: Below Zero,2021,29.99,50664,45657,0.9012,Adventure|Indie,0
12200,Bully: Scholarship Edition,2008,14.99,13289,10690,0.8044,Action|Adventure,0
644930,They Are Billions,2019,29.99,18115,14531,0.8022,Strategy,0
55100,Homefront,2011,19.99,2004,1245,0.6213,Action,1
1515950,Capcom Arcade Stadium,2021,59.99,145,115,0.7931,Action|Free To Play,1
434650,Lost Castle / 失落城堡,2016,9.99,1374,1094,0.7962,Action|Adventure|Indie|RPG,1
1254120,Bless Unleashed,2021,0.0,73,58,0.7945,Action|Massively Multiplayer|RPG|Free To Play,1
17390,SPORE™,2008,19.99,34980,32335,0.9244,Action|Adventure|Casual|RPG|Simulation|Strategy,0
1092790,Inscryption,2021,19.99,70142,67988,0.9693,Adventure|Indie|Strategy,0
881100,Noita,2020,19.99,42596,40745,0.9565,Action|Adventure|Indie|RPG|Simulation,0
644560,Mirror,2018,1.99,7634,6952,0.9107,Adventure|Indie|RPG,0
1304930,The Outlast Trials,2024,39.99,25907,24469,0.9445,Action|Adventure|Indie,1
1250410,Microsoft Flight Simulator (2020) 40th Anniversary Edition,2020,59.99,40728,31935,0.7841,Simulation,1
420,Half-Life 2: Episode Two,2007,0.0,16284,15776,0.9688,Action,0
261570,Ori and the Blind Forest,2015,0.0,13315,12718,0.9552,Action,0
2379780,Balatro,2024,14.99,81193,79754,0.9823,Casual|Indie|Strategy,0
19680,Alice: Madness Returns,2011,9.99,8996,7949,0.8836,Action|Adventure,0
431240,Golf With Your Friends,2020,14.99,33614,30109,0.8957,Casual|Indie|Sports,1
1569040,Football Manager 2022,2021,0.0,6049,5677,0.9385,Simulation|Sports,1
787860,Farming Simulator 19,2018,17.99,23675,22181,0.9369,Simulation,1
33900,Arma 2,,12.99,1616,1356,0.8391,Action|Simulation|Strategy,1
1167630,Teardown,2022,29.99,64736,61781,0.9544,Action|Indie|Simulation|Strategy,0
1217060,Gunfire Reborn,2021,19.99,34884,33597,0.9631,Action|Adventure|Indie|RPG,1
42700,Call of Duty®: Black Ops,2010,39.99,13391,12137,0.9064,Action,1
201810,Wolfenstein: The New Order,2014,19.99,23617,21206,0.8979,Action,0
391460,WARMODE,2019,0.0,117,72,0.6154,Action|Free To Play,1
211420,DARK SOULS™: Prepare To Die™ Edition,2012,0.0,32601,29077,0.8919,Action|RPG,1
1520470,Soul Dossier,2021,0.0,0,0,,Action|Adventure|Massively Multiplayer|RPG|Strategy|Free To Play,1
437900,Party Jousting,2016,0.0,9,6,0.6667,Casual|Indie|Sports,1
433340,Slime Rancher,2017,19.99,60671,59503,0.9807,Action|Adventure|Indie|Simulation,0
253980,Enclave,2013,9.99,817,570,0.6977,Action|RPG,0
841370,NBA 2K19,2018,0.0,3327,1665,0.5005,Simulation|Sports,1
740130,Tales of Arise,2021,39.99,10560,9346,0.885,Action|RPG,0
1263850,Football Manager 2021,2020,0.0,6037,5670,0.9392,Simulation|Sports,1
414340,Hellblade: Senua's Sacrifice,2017,29.99,27665,24936,0.9014,Action|Adventure|Indie,0
259080,Just Cause 2: Multiplayer Mod,2013,0.0,37,36,0.973,Action|Adventure,1
506540,Last Man Standing,2017,0.0,18,4,0.2222,Action|Adventure|Free To Play|Indie|Massively Multiplayer|Strategy,1
1248130,Farming Simulator 22,2021,29.99,23586,21824,0.9253,Simulation,1
12220,Grand Theft Auto: Episodes from Liberty City,2010,0.0,2955,2058,0.6964,Action,1
674020,World War 3,2022,0.0,14426,8664,0.6006,Action|Free To Play,1
310950,Street Fighter V,2016,19.99,12547,8860,0.7061,Action,1
1466860,Age of Empires IV: Anniversary Edition,2021,39.99,24431,21166,0.8664,Strategy,1
1222700,A Way Out,2020,29.99,20532,18099,0.8815,Action|Adventure|Indie,1
310560,DiRT Rally,2015,0.0,9991,8981,0.8989,Racing|Simulation|Sports,1
570940,DARK SOULS™: REMASTERED,2018,39.99,41842,38233,0.9137,Action,1
774171,Muse Dash,2019,2.99,28148,26688,0.9481,Action|Casual|Indie,0
12110,Grand Theft Auto: Vice City,2008,0.0,8212,7351,0.8952,Action,0
1888160,ARMORED CORE™ VI FIRES OF RUBICON™,2023,59.99,37231,34826,0.9354,Action,1
470220,UNO,2017,9.99,24979,18015,0.7212,Casual,1
200260,Batman: Arkham City - Game of the Year Edition,2012,19.99,22977,22037,0.9591,Action|Adventure,0
280,Half-Life: Source,2004,9.99,7578,4883,0.6444,Action,0
319510,Five Nights at Freddy's,2014,4.99,29790,27662,0.9286,Indie|Simulation,0
242920,Banished,2014,19.99,25155,22634,0.8998,Indie|Simulation|Strategy,0
388410,Darksiders II Deathinitive Edition,2015,29.99,4457,3353,0.7523,Action|Adventure|RPG,0
1313140,Cult of the Lamb,2022,24.99,50184,48276,0.962,Action|Adventure|Indie|Strategy,1
325610,Total War: ATTILA,2015,44.99,12440,9946,0.7995,Strategy,1
236110,Dungeon Defenders II,2017,0.0,2117,1373,0.6486,Action|Indie|RPG|Strategy|Free To Play,1
346010,Besiege,2020,14.99,21881,20847,0.9527,Indie|Simulation,1
254700,Resident Evil 4 (2005),2014,19.99,22303,20715,0.9288,Action|Adventure,0
40800,Super Meat Boy,2010,14.99,12692,11943,0.941,Indie,0
50300,Spec Ops: The Line,2012,0.0,14523,13530,0.9316,Action|Adventure,1
212070,Star Conflict,2013,0.0,83,52,0.6265,Action|Adventure|Massively Multiplayer|RPG|Simulation|Free To Play,1
210770,Sanctum 2,2013,14.99,4275,3950,0.924,Action|Indie|Strategy,1
303390,Dead Bits,2014,4.99,1403,706,0.5032,Action|Casual|Indie,0
35700,Trine Enchanted Edition,2009,14.99,4456,4209,0.9446,Action|Adventure|Indie,1
1030840,Mafia: Definitive Edition,2020,39.99,24312,21100,0.8679,Action|Adventure,0
1408720,Krunker,2021,0.0,0,0,,Action|Casual,1
2322010,God of War Ragnarök,2024,59.99,10193,8950,0.8781,Action|Adventure|RPG,0
225260,Brutal Legend,2013,14.99,5680,5317,0.9361,Action|Adventure|Strategy,1
1904540,Football Manager 2023,2022,0.0,5566,4963,0.8917,Simulation|Sports,1
9900,Star Trek Online,2012,0.0,827,628,0.7594,Massively Multiplayer|RPG|Free To Play,1
216150,MapleStory,2012,0.0,80,48,0.6,Action|Adventure|Casual|Massively Multiplayer|RPG|Free To Play,1
244450,Men of War: Assault Squad 2,2014,29.99,15962,14644,0.9174,Action|Simulation|Strategy,1
611500,Quake Champions,2022,0.0,3776,2812,0.7447,Action|Free To Play,1
323580,Jotun: Valhalla Edition,2015,14.99,1012,785,0.7757,Action|Adventure|Indie,0
502500,ACE COMBAT™ 7: SKIES UNKNOWN,2019,59.99,19286,17106,0.887,Action|Simulation,1
464920,Surviving Mars,2018,29.99,9751,8202,0.8411,Simulation|Strategy,0
1643320,S.T.A.L.K.E.R. 2: Heart of Chornobyl,2024,59.99,36487,28563,0.7828,Action|Adventure|RPG,0
268420,Aura Kingdom,2014,0.0,70,53,0.7571,Adventure|Casual|Free To Play|Massively Multiplayer|RPG,1
1840,Source Filmmaker,2012,0.0,158,149,0.943,Animation & Modeling|Video Production,0
265590,The Red Solstice,2015,9.99,567,410,0.7231,Strategy,1
7940,Call of Duty® 4: Modern Warfare® (2007),2007,19.99,10092,9299,0.9214,Action,1
282140,SOMA,2015,29.99,20997,20119,0.9582,Action|Adventure|Indie,0
204300,Awesomenauts - the 2D moba,2012,0.0,6912,5855,0.8471,Action|Indie|Strategy|Free To Play,1
22370,Fallout 3: Game of the Year Edition,2009,19.99,28186,22592,0.8015,RPG,0
952060,Resident Evil 3,2020,39.99,22927,18679,0.8147,Action,1
1610430,OPG: Clan Wars,2024,9.99,54,48,0.8889,Action|Adventure|Indie|Massively Multiplayer|RPG|Simulation|Early Access,1
1284210,Guild Wars 2,2022,0.0,233,215,0.9227,Adventure|Massively Multiplayer|RPG|Free To Play,1
206210,Gotham City Impostors Free to Play,2012,0.0,280,241,0.8607,Action|Free To Play,1
1399780,Spellbreak,2020,0.0,0,0,,Action|Adventure|Free To Play|RPG,1
632470,Disco Elysium - The Final Cut,2019,39.99,50228,46651,0.9288,RPG,0
815370,Green Hell,2019,27.99,21947,19015,0.8664,Action|Adventure|Indie|Simulation,1
493340,Planet Coaster,2016,44.99,30235,27419,0.9069,Action|Adventure|Casual|Simulation|Strategy,0
949230,Cities: Skylines II,2023,49.99,28040,15152,0.5404,Simulation,0
823130,Totally Accurate Battlegrounds,2018,0.0,10837,9834,0.9074,Action|Indie|Free To Play,1
204450,Call of Juarez: Gunslinger,2013,14.99,9204,8706,0.9459,Action,0
47780,Dead Space™ 2,2011,19.99,10395,9707,0.9338,Action|Adventure,1
394510,HELLDIVERS™ Dive Harder Edition,2015,19.99,9578,8777,0.9164,Action,1
640820,Pathfinder: Kingmaker — Enhanced Plus Edition,2018,19.99,16974,13000,0.7659,Adventure|RPG,0
50620,Darksiders™,2010,0.0,3003,2617,0.8715,Action|Adventure,0
15620,"Warhammer 40,000: Dawn of War II - Anniversary Edition",2009,49.99,4179,3594,0.86,Strategy,1
1128810,RISK: Global Domination,2020,0.0,105,86,0.819,Casual|Strategy|Free To Play,1
204100,Max Payne 3,2012,19.99,21673,18288,0.8438,Action,1
1845910,Dragon Age™: The Veilguard,2024,59.99,26809,18489,0.6897,Action|Adventure|RPG|Strategy,0
238010,Deus Ex: Human Revolution - Director's Cut,2013,19.99,12665,11598,0.9158,Action|RPG,0
414700,Outlast 2,2017,29.99,9123,7802,0.8552,Action|Adventure|Indie,0
330020,Children of Morta,2019,21.99,6851,6097,0.8899,Action|Adventure|Indie|RPG,1
2054970,Dragon's Dogma 2,2024,69.99,41366,27840,0.673,Action|RPG,0
1522820,Orcs Must Die! 3,2021,29.99,4727,4047,0.8561,Action|Adventure|Indie|Strategy,1
35140,Batman: Arkham Asylum Game of the Year Edition,2010,19.99,25348,24446,0.9644,Action|Adventure,0
47890,The Sims™ 3,2011,19.99,19648,17132,0.8719,Simulation,0
393380,Squad,2020,49.99,77661,66740,0.8594,Action|Indie|Massively Multiplayer|Strategy,1
337000,Deus Ex: Mankind Divided,2016,29.99,15782,11813,0.7485,Action|RPG,0
389570,Mitos.is: The Game,2015,0.0,62,49,0.7903,Casual|Simulation|Free To Play,1
39120,RIFT,2011,0.0,824,610,0.7403,Action|Adventure|Massively Multiplayer|RPG|Free To Play,1
1029690,Sniper Elite 5,2022,49.99,8188,6807,0.8313,Action|Adventure,1
482730,Football Manager 2017,2016,0.0,2250,1397,0.6209,Simulation|Sports,1
266840,Age of Mythology: Extended Edition,2014,29.99,13882,12748,0.9183,Simulation|Strategy,1
200710,Torchlight II,2012,19.99,17046,15933,0.9347,Action|Adventure|Indie|RPG,1
307690,Sleeping Dogs: Definitive Edition,2014,19.99,25462,24290,0.954,Action|Adventure|Racing,0
645630,Car Mechanic Simulator 2018,2017,19.99,21317,19256,0.9033,Racing|Simulation,0
1790600,DRAGON BALL: Sparking! ZERO,2024,69.99,26743,23788,0.8895,Action,1
1151640,Horizon Zero Dawn™ Complete Edition,2020,0.0,50682,45412,0.896,Action|Adventure|RPG,0
65930,The Bureau: XCOM Declassified,2013,19.99,2817,1804,0.6404,Action,0
1272080,PAYDAY 3,2023,29.99,29314,12556,0.4283,Action|Adventure|RPG,1
383870,Firewatch,2016,19.99,51906,46192,0.8899,Adventure|Indie,0
204340,Serious Sam 2,2012,9.99,3017,2622,0.8691,Action|Indie,1
454650,DRAGON BALL XENOVERSE 2,2016,19.99,17511,15653,0.8939,Action|Adventure|Casual|Massively Multiplayer,1
38400,Fallout: A Post Nuclear Role Playing Game,2015,9.99,10135,9641,0.9513,RPG,0
460950,Katana ZERO,2019,14.99,21342,20911,0.9798,Action|Indie,0
41700,S.T.A.L.K.E.R.: Call of Pripyat,2010,19.99,9158,8748,0.9552,Action|RPG,1
1637320,Dome Keeper,2022,17.99,8764,8157,0.9307,Action|Adventure|Indie|Simulation,0
368260,Marvel's Midnight Suns,2022,59.99,10427,8711,0.8354,RPG|Strategy,0
368230,Kingdom: Classic,2015,0.0,3278,2868,0.8749,Indie|Simulation|Strategy,0
606150,Moonlighter,2018,19.99,6553,5298,0.8085,Action|Adventure|Indie,0
900883,The Elder Scrolls IV: Oblivion® Game of the Year Edition Deluxe (2009),2009,19.99,30833,29474,0.9559,,0
342200,MechWarrior Online™ Legends,2015,0.0,110,82,0.7455,Action|Massively Multiplayer|Simulation|Strategy|Free To Play,1
975370,Dwarf Fortress,2022,29.99,22000,20923,0.951,Indie|Simulation|Strategy,0
3830,Psychonauts,2006,9.99,8274,7930,0.9584,Action,0
308040,Back to Bed,2014,5.99,244,183,0.75,Action|Casual|Indie,0
738060,Freddy Fazbear's Pizzeria Simulator,2017,0.0,6,6,1.0,Free To Play|Indie|Simulation,0
1277400,Monster Hunter Stories 2: Wings of Ruin,2021,39.99,3444,3199,0.9289,Adventure|RPG,1
317360,Double Action: Boogaloo,2014,0.0,85,75,0.8824,Action|Indie|Free To Play,1
395170,DISTRAINT: Deluxe Edition,2015,4.99,1193,1073,0.8994,Adventure|Casual|Indie,0
629520,Soundpad,2017,4.99,26239,25140,0.9581,Audio Production|Utilities,0
637650,FINAL FANTASY XV WINDOWS EDITION,2018,34.99,16493,13627,0.8262,RPG,1
40990,Mafia,2002,14.99,2057,1772,0.8614,Action|Adventure,0
403640,Dishonored 2,2016,29.99,18414,16212,0.8804,Action,0
1364780,Street Fighter™ 6,2023,39.99,16841,14680,0.8717,Action|Adventure,1
630100,SoulWorker - Anime Action MMO,2018,0.0,0,0,,Action|Free To Play|Massively Multiplayer|RPG,1
312530,Duck Game,2015,12.99,10886,10595,0.9733,Action|Indie,1
485510,Nioh: Complete Edition,2017,49.99,7995,6473,0.8096,Action|RPG,1
436520,Line of Sight,2017,0.0,1179,627,0.5318,Action|Free To Play|Indie|Massively Multiplayer,1
234650,Shadowrun Returns,2013,14.99,6620,5896,0.8906,Adventure|Indie|RPG|Strategy,0
736590,Operation: Harsh Doorstop,2023,0.0,17,9,0.5294,Action|Casual|Indie|Simulation|Strategy|Free To Play|Early Access,1
17470,Dead Space (2008),2009,19.99,11457,10406,0.9083,Action|Adventure,0
544810,KARDS - The WW2 Card Game,2020,0.0,37,28,0.7568,Casual|Indie|Strategy|Free To Play,1
788100,Neon Abyss,2020,19.99,3235,2804,0.8668,Action|Adventure|Indie|RPG,0
409720,BioShock™ 2 Remastered,2016,19.99,10666,7415,0.6952,Action|RPG,0
893520,Creative Destruction,2018,0.0,226,158,0.6991,Action|Adventure|Casual|Massively Multiplayer,1
480490,Prey,2017,29.99,20582,18821,0.9144,Action|Adventure,0
200510,XCOM: Enemy Unknown,2012,29.99,24031,22386,0.9315,Strategy,1
1139900,Ghostrunner,2020,29.99,18878,17271,0.9149,Action,0
1824220,Chivalry 2,2022,39.99,18664,15223,0.8156,Action|Massively Multiplayer,1
349040,NARUTO SHIPPUDEN: Ultimate Ninja STORM 4,2016,19.99,16674,15082,0.9045,Action|Adventure,1
287290,Resident Evil Revelations 2,2015,19.99,5903,4478,0.7586,Action|Adventure,1
750920,Shadow of the Tomb Raider: Definitive Edition,2018,0.0,21167,17988,0.8498,Action|Adventure,0
13520,Far Cry®,2008,9.99,4249,3277,0.7712,Action,0
563560,Alien Swarm: Reactive Drop,2017,0.0,0,0,,Action|Free To Play,1
977950,A Dance of Fire and Ice,2019,5.99,12870,12245,0.9514,Indie,0
289130,ENDLESS™ Legend,2014,29.99,9075,7767,0.8559,RPG|Strategy,1
349700,Romero's Aftermath,2015,0.0,25,15,0.6,Violent|Action|Free To Play|Indie|Massively Multiplayer,1
22330,The Elder Scrolls IV: Oblivion® Game of the Year Edition (2009),2009,14.99,30833,29474,0.9559,RPG,0
10500,Total War: EMPIRE – Definitive Edition,2009,24.99,11390,10210,0.8964,Strategy,1
678960,CODE VEIN,2019,59.99,17729,15496,0.874,Action|RPG,1
206500,AirMech,2018,0.0,51,36,0.7059,Action|Indie|Strategy|Free To Play,1
6860,Hitman: Blood Money,2007,9.99,5884,5544,0.9422,Action,0
355180,Codename CURE,2017,0.0,141,121,0.8582,Action|Free To Play,1
2399830,ARK: Survival Ascended,2023,44.99,41225,24249,0.5882,Action|Adventure|Indie|Massively Multiplayer|RPG|Early Access,1
302510,Ryse: Son of Rome,2014,9.99,12476,10610,0.8504,Action,1
360970,Heaven Forest NIGHTS,2017,0.99,33,22,0.6667,Action|Adventure,1
412220,DDNet,2020,0.0,0,0,,Action|Indie|Racing|Free To Play,1
1536610,OpenTTD,2021,0.0,0,0,,Casual|Indie|Simulation|Free To Play,1
319830,AX:EL - Air XenoDawn,2015,0.0,23,14,0.6087,Action|Indie|Simulation,1
1404210,Red Dead Online,2020,19.99,29160,23835,0.8174,Action|Adventure,1
274940,Depth,2014,19.99,9896,8939,0.9033,Action|Indie,1
606280,Darksiders III,2018,39.99,4084,3141,0.7691,Action|Adventure|RPG,0
602960,Barotrauma,2023,34.99,24870,23678,0.9521,Action|Indie|Simulation|Strategy,1
488790,South Park™: The Fractured But Whole™,2017,29.99,15374,12668,0.824,RPG,0
311560,Assassin’s Creed® Rogue,2015,19.99,6448,5522,0.8564,Action|Adventure,0
291650,Pillars of Eternity,2015,29.99,10139,8811,0.869,RPG,0
130,Half-Life: Blue Shift,2001,4.99,8960,8284,0.9246,Action,0
683320,GRIS,2018,14.99,23399,22326,0.9541,Adventure|Indie,0
2215430,Ghost of Tsushima DIRECTOR'S CUT,2024,59.99,27191,25570,0.9404,Action|Adventure,1
476600,Call of Duty®: WWII,2017,59.99,12986,8451,0.6508,Action,1
236870,HITMAN™,2016,0.0,11276,9165,0.8128,Action,0
386940,Ultimate Chicken Horse,2016,14.99,13055,12635,0.9678,Action|Casual|Indie,1
239820,Game Dev Tycoon,2013,9.99,21572,20400,0.9457,Casual|Indie|Simulation|Strategy,0
493520,GTFO,2021,39.99,24001,21323,0.8884,Action,1
17330,Crysis Warhead®,2008,19.99,1390,1174,0.8446,Action,0
113420,Fallen Earth Classic,2012,0.0,25,10,0.4,Free To Play|Massively Multiplayer|RPG,1
1509960,PICO PARK,2021,4.99,9110,8421,0.9244,Action|Casual|Indie,1
1549970,Aliens: Fireteam Elite,2021,29.99,13279,11015,0.8295,Action|RPG,1
2280,DOOM + DOOM II,2007,9.99,15084,14502,0.9614,Action,1
706990,BLOCKPOST LEGACY,2019,0.0,0,0,,Action|Indie|Free To Play,1
442080,Riders of Icarus,2016,0.0,418,290,0.6938,Adventure|Massively Multiplayer|RPG|Free To Play,1
1627140,Sabre Team,2021,6.99,4,2,0.5,RPG|Strategy,0
1058020,"STAR WARS™ Battlefront (Classic, 2004)",2019,9.99,2707,2615,0.966,Action,1
1659040,HITMAN World of Assassination,2022,29.99,20930,18078,0.8637,Action|Adventure,0
1611910,"Warhammer 40,000: Chaos Gate - Daemonhunters",2022,44.99,6714,5323,0.7928,RPG|Strategy,0
612880,Wolfenstein II: The New Colossus,2017,39.99,15782,12284,0.7784,Action,0
1466640,Road 96 🛣️,2021,19.96,8567,7776,0.9077,Action|Adventure|Indie,0
228280,Baldur's Gate: Enhanced Edition,2013,19.99,8691,8030,0.9239,Adventure|RPG,1
327690,Gigantic,2017,0.0,12,12,1.0,Action|Free To Play|Strategy,1
239160,Thief,2014,19.99,7177,4862,0.6774,Action|Adventure,0
924970,Back 4 Blood,2021,59.99,24065,17269,0.7176,Action,1
32370,STAR WARS™ Knights of the Old Republic™,2009,9.99,21038,19189,0.9121,Adventure|RPG,0
417860,Emily is Away,2015,0.0,204,176,0.8627,Adventure|Casual|Free To Play|Indie|Simulation,0
24740,Burnout Paradise: The Ultimate Box,2009,0.0,4081,3442,0.8434,Racing,1
492720,Tropico 6,2019,39.99,9207,8005,0.8694,Simulation|Strategy,1
228380,Wreckfest,2018,29.99,17780,15524,0.8731,Action|Indie|Racing|Simulation|Sports,1
569480,Kingdoms and Castles,2017,14.99,18443,17280,0.9369,Indie|Simulation|Strategy,0
110800,L.A. Noire,2011,19.99,14516,12179,0.839,Adventure|Strategy,0
638970,Yakuza 0,2018,19.99,35855,34766,0.9696,Action|Adventure|RPG,1
471710,Rec Room,2021,0.0,92,91,0.9891,Adventure|Casual|Massively Multiplayer|Free To Play,1
537180,Digimon Masters Online,2016,0.0,94,48,0.5106,Action|Adventure|Casual|Free To Play|Massively Multiplayer|RPG,1
248820,Risk of Rain (2013),2013,9.99,14751,13797,0.9353,Action|Indie|RPG,1
1213210,Command & Conquer™ Remastered Collection,2020,19.99,16770,15410,0.9189,Strategy,1
447820,Day of Infamy,2017,14.99,9489,8110,0.8547,Action|Indie|Strategy,1
627690,Idle Champions of the Forgotten Realms,2020,0.0,24,20,0.8333,Action|Adventure|Indie|Strategy|Free To Play,0
1687950,Persona 5 Royal,2022,59.99,26418,25589,0.9686,RPG,0
1557740,ROUNDS,2021,5.99,21942,21046,0.9592,Action|Indie,1
621060,PC Building Simulator,2019,19.99,19350,18283,0.9449,Indie|Simulation,0
242860,Verdun,2015,19.99,17321,15320,0.8845,Action|Indie|Massively Multiplayer|Simulation|Strategy,1
1286680,Tiny Tina's Wonderlands,2022,59.99,10342,7473,0.7226,Action|Adventure|RPG,1
304670,Aeon Command,2014,2.99,218,164,0.7523,Casual|Indie|Strategy,0
9010,Return to Castle Wolfenstein,2007,4.99,3829,3511,0.9169,Action,1
298240,War Trigger 3,2015,0.0,74,45,0.6081,Action|Casual|Indie|Simulation|Free To Play,1
304240,Resident Evil,2015,19.99,9595,8715,0.9083,Action|Adventure,0
636480,Ravenfield,2017,17.99,42597,41525,0.9748,Action|Indie|Early Access,0
47810,Dragon Age: Origins - Ultimate Edition,2010,29.99,19115,16493,0.8628,RPG,0
202170,Sleeping Dogs,,0.0,6061,5686,0.9381,Action|Adventure,0
24980,Mass Effect 2 (2010 Edition),,0.0,8569,8003,0.9339,RPG,0
1533390,Gorilla Tag,2023,19.99,33863,31724,0.9368,Action|Casual,1
638070,Murderous Pursuits,2018,9.99,161,103,0.6398,Action|Indie|Simulation|Strategy,1
39500,Gothic® 3,2009,19.99,1888,1321,0.6997,Action|RPG,0
324800,Shadow Warrior 2,2016,29.99,8480,7403,0.873,Action|Adventure,1
4500,S.T.A.L.K.E.R.: Shadow of Chernobyl,2007,19.99,14757,13942,0.9448,Action|RPG,1
9340,Company of Heroes: Opposing Fronts,2007,19.99,435,393,0.9034,Action|Strategy,1
67370,The Darkness II,2012,29.99,3306,2960,0.8953,Action,1
287450,Rise of Nations: Extended Edition,2014,19.99,7354,6973,0.9482,Simulation|Strategy,1
582500,We Were Here,2017,0.0,1065,952,0.8939,Action|Adventure|Indie|Free To Play,1
460790,Bayonetta,2017,19.99,9496,8763,0.9228,Action|Adventure,0
312520,Rain World,2017,24.99,23903,22774,0.9528,Action|Adventure|Indie,1
214420,Gear Up,2015,0.0,609,523,0.8588,Action|Free To Play|Indie,1
22320,The Elder Scrolls III: Morrowind® Game of the Year Edition,2009,14.99,16360,15639,0.9559,RPG,0
1377580,Soulworker,2021,0.0,0,0,,Action|Massively Multiplayer|RPG|Free To Play,1
2100,Dark Messiah of Might & Magic,2006,9.99,4412,3959,0.8973,Action|RPG,1
1049410,Superliminal,2020,19.99,12935,12137,0.9383,Action|Adventure,1
511470,Glass Masquerade,2016,4.99,1695,1642,0.9687,Casual|Indie,0
476480,Heaven Forest - VR MMO,2016,0.99,48,25,0.5208,Adventure|Massively Multiplayer,1
322500,SUPERHOT,2016,24.99,15569,14108,0.9062,Action|Indie,0
232890,Stronghold Crusader 2,2014,39.99,4015,2756,0.6864,Simulation|Strategy,1
491950,Orwell: Keeping an Eye On You,2016,9.99,4649,4223,0.9084,Adventure|Indie|Simulation,0
6000,STAR WARS™ Republic Commando™,2009,9.99,9414,9006,0.9567,Action,1
629730,Blade and Sorcery,2024,29.99,46191,44794,0.9698,Action|Adventure|Indie|RPG|Simulation,0
1030830,Mafia II: Definitive Edition,2020,29.99,6841,5078,0.7423,Action|Adventure,0
34030,Total War: NAPOLEON – Definitive Edition,2010,24.99,9465,8629,0.9117,Strategy,1
527230,For The King,2018,19.99,11195,9966,0.8902,Adventure|Indie|RPG|Strategy,1
1313860,EA SPORTS™ FIFA 21,2020,0.0,12845,9720,0.7567,Simulation|Sports,1
1284410,GWENT: The Witcher Card Game,2020,0.0,0,0,,RPG|Strategy|Free To Play,1
235600,Tom Clancy’s Splinter Cell Blacklist,2013,29.99,7722,5771,0.7473,Action|Adventure,1
635260,CarX Drift Racing Online,2017,14.99,37634,35922,0.9545,Massively Multiplayer|Racing|Simulation|Sports,1
224540,Ace of Spades: Battle Builder,,0.0,6108,3245,0.5313,Action|Indie,1
314160,Microsoft Flight Simulator X: Steam Edition,2014,24.99,13716,11786,0.8593,Simulation,1
809960,Radical Heights,2018,0.0,59,51,0.8644,Action|Adventure|Free To Play|Indie|Massively Multiplayer|Early Access,1
438040,Shakes and Fidget,2016,0.0,47,30,0.6383,Adventure|Casual|Indie|Massively Multiplayer|RPG|Strategy|Free To Play,1
40100,Supreme Commander 2,2010,12.99,4789,4163,0.8693,Strategy,1
48190,Assassin’s Creed® Brotherhood,2011,19.99,7892,6817,0.8638,Action|Adventure,1
637090,BATTLETECH,2018,39.99,17269,14734,0.8532,Action|Adventure|Strategy,1
265210,Viscera Cleanup Detail: Santa's Rampage,2013,2.49,2426,2231,0.9196,Gore|Indie|Simulation,1
437920,Tricky Towers,2016,14.99,2257,2018,0.8941,Casual|Indie,1
285190,"Warhammer 40,000: Dawn of War III",2017,39.99,7332,3495,0.4767,Action|Simulation|Strategy,1
214560,Mark of the Ninja,,0.0,6963,6733,0.967,Action|Adventure|Indie,0
233720,Surgeon Simulator,2013,9.99,8295,6903,0.8322,Action|Indie|Simulation,0
24010,Train Simulator Classic 2024,2015,29.99,10244,7457,0.7279,Simulation,0
15100,Assassin's Creed™: Director's Cut Edition,2008,19.99,9511,7504,0.789,Action|Adventure,0
774861,Project Winter,2019,9.99,4682,4084,0.8723,Action|Adventure|Casual|Indie|Strategy,1
527430,"Warhammer 40,000: Inquisitor - Martyr",2018,49.99,9678,7559,0.781,Action|Adventure|Indie|RPG,1
4920,Natural Selection 2,2012,4.99,5321,4543,0.8538,Action|Indie|Strategy,1
34270,SEGA Mega Drive and Genesis Classics,2010,0.0,5055,4074,0.8059,Action|Adventure|Casual|RPG,1
690790,DiRT Rally 2.0,2019,19.99,17063,15187,0.8901,Racing|Simulation|Sports,1
225080,Brothers - A Tale of Two Sons,2013,14.99,16302,15393,0.9442,Action|Adventure|Indie,0
834910,ATLAS,2018,29.99,19753,9319,0.4718,Action|Adventure|Massively Multiplayer|RPG|Early Access,1
704850,Thief Simulator,2018,19.99,10365,9166,0.8843,Action|Adventure|Indie|Simulation,0
692850,Bloodstained: Ritual of the Night,2019,39.99,10582,9879,0.9336,Action|Adventure|RPG,1
568220,Lobotomy Corporation | Monster Management Simulation,2018,24.99,9910,9177,0.926,Indie|Simulation,0
870780,Control Ultimate Edition,2020,39.99,20547,18442,0.8976,Action|Adventure,0
1238820,Battlefield 3™,2020,39.99,4100,2754,0.6717,Action,1
237930,Transistor,2014,19.99,15799,14829,0.9386,Action|Indie|RPG,0
752590,A Plague Tale: Innocence,2019,39.99,19737,18357,0.9301,Action|Adventure,0
341800,Keep Talking and Nobody Explodes,2015,14.99,7570,7448,0.9839,Indie,1
979690,The Ascent,2021,29.99,11649,9008,0.7733,Action|Adventure|Indie|RPG,1
237310,Elsword,2014,0.0,36,27,0.75,Action|Adventure|Casual|Massively Multiplayer|RPG|Free To Play,1
17080,Tribes: Ascend,2012,0.0,37,20,0.5405,Action|Free To Play,1
251060,Wargame: Red Dragon,2014,29.99,7892,6957,0.8815,Indie|Simulation|Strategy,1
311860,Data Hacker: Initiation,2014,1.99,51,37,0.7255,Adventure|Indie|RPG|Simulation,0
1237950,STAR WARS™ Battlefront™ II,2020,39.99,36008,31201,0.8665,Action|Adventure,1
65980,Sid Meier's Civilization®: Beyond Earth™,2014,39.99,9802,5649,0.5763,Strategy,1
41500,Torchlight,2009,14.99,3286,3015,0.9175,RPG,0
1262350,SIGNALIS,2022,19.99,16736,16246,0.9707,Action|Adventure|Indie,0
1238860,Battlefield 4™,2020,39.99,26004,21986,0.8455,Action,1
323470,DRAGON BALL XENOVERSE,2015,39.99,6786,5830,0.8591,Action,1
1282100,REMNANT II®,2023,49.99,24613,21172,0.8602,Action|Adventure|RPG,1
243470,Watch_Dogs™,2014,19.99,17049,12533,0.7351,Action|Adventure,1
1061910,Metal: Hellsinger,2022,29.99,7423,7167,0.9655,Action|Adventure,0
1147560,Skul: The Hero Slayer,2021,19.99,9213,8513,0.924,Action|Indie,0
6880,Just Cause,2007,6.99,1832,1146,0.6255,Action,0
851850,DRAGON BALL Z: KAKAROT,2020,59.99,16915,15632,0.9242,Action|RPG,1
19900,Far Cry® 2,2008,9.99,8712,6829,0.7839,Action,1
20570,"Warhammer® 40,000: Dawn of War® II Chaos Rising",2010,0.0,953,854,0.8961,Strategy,1
1353950,Ring of Fire: Prologue,2020,0.0,0,0,,Adventure|Casual|Free To Play|Indie|Simulation,0
459820,Crush Crush,2016,0.0,428,385,0.8995,Casual|Indie|Free To Play,0
218680,Scribblenauts Unlimited,2012,19.99,5018,4697,0.936,Adventure|Casual|Strategy,0
942970,Unheard - Voices of Crime,2019,6.99,2610,2384,0.9134,Indie|RPG|Simulation,0
2322560,Love Is All Around,2023,9.99,1458,1363,0.9348,Adventure|Indie|RPG|Simulation|Strategy,1
4570,"Warhammer 40,000: Dawn of War - Anniversary Edition",2007,34.99,5226,4958,0.9487,Strategy,1
1089090,ONE PIECE: PIRATE WARRIORS 4,2020,39.99,4432,4158,0.9382,Action,1
235540,Warhammer: End Times - Vermintide,2015,44.99,7776,6496,0.8354,Action|Indie,1
207230,ArcheBlade™,2014,0.0,21,14,0.6667,Action|Free To Play|Indie,1
215080,WAKFU,2014,0.0,53,33,0.6226,Action|Adventure|Casual|Indie|Massively Multiplayer|RPG|Strategy|Free To Play,1
332070,School of Dragons,2014,0.0,16,7,0.4375,Adventure|Free To Play|Massively Multiplayer|RPG,1
378540,The Surge,2017,14.99,4096,3150,0.769,Action|RPG,0
10680,Aliens vs. Predator™,2010,14.99,7419,6640,0.895,Action,1
1483870,Draw & Guess,2021,2.99,310,235,0.7581,Casual|Indie,1
206480,Dungeons & Dragons Online®,2012,0.0,59,47,0.7966,Action|Adventure|Massively Multiplayer|RPG|Free To Play,1
704270,Generation Zero®,2019,24.99,17488,13446,0.7689,Action|Adventure,1
65790,ARMA: Cold War Assault,2011,4.99,955,858,0.8984,Action|Simulation|Strategy,0
701160,Kingdom Two Crowns,2018,19.99,8633,7772,0.9003,Adventure|Indie|Simulation|Strategy,1
437220,The Culling,2017,0.0,8095,4668,0.5767,Action|Free To Play|Indie,1
535930,Two Point Hospital,2018,29.99,12112,11295,0.9325,Indie|Simulation,0
373420,Divinity: Original Sin - Enhanced Edition,2015,39.99,10407,9058,0.8704,Adventure|Indie|RPG|Strategy,1
224760,FEZ,2013,9.99,6005,5487,0.9137,Indie,0
17460,Mass Effect (2007),2008,29.99,9475,8893,0.9386,Action|RPG,0
1343370,Old School RuneScape,2021,0.0,37,22,0.5946,Adventure|Massively Multiplayer|RPG|Free To Play,1
443110,Armored Warfare,2017,0.0,5,5,1.0,Action|Massively Multiplayer|Simulation|Strategy|Free To Play,1
495420,State of Decay 2: Juggernaut Edition,2020,29.99,19566,16992,0.8684,Action|RPG|Simulation,1
544730,Catan Universe,2017,0.0,0,0,,Casual|Strategy,1
1241100,POLYGON,2020,0.0,19,15,0.7895,Action|Indie|Massively Multiplayer|Free To Play|Early Access,1
510840,Evolvation,2017,1.99,10,7,0.7,Action|Casual|Indie|Simulation,1
1089980,The Henry Stickmin Collection,2020,14.99,35263,34845,0.9881,Adventure|Casual|Indie,0
270150,RUNNING WITH RIFLES,2015,14.99,4943,4407,0.8916,Action|Indie,1
933110,Age of Empires III: Definitive Edition,2020,0.0,12772,10683,0.8364,Free To Play|Strategy,1
622650,Bendy and the Ink Machine,2017,19.99,9940,8784,0.8837,Action|Adventure|Indie|Strategy,0
583950,Artifact,2018,0.0,8090,4607,0.5695,Strategy,1
4700,Total War: MEDIEVAL II – Definitive Edition,2006,24.99,15522,14867,0.9578,Strategy,1
364470,The Elder Scrolls®: Legends™,2017,0.0,0,0,,Free To Play,1
228200,Company of Heroes,2006,19.99,4692,4447,0.9478,Action|Strategy,1
334230,Town of Salem,2014,4.99,24430,21540,0.8817,Action|Casual|RPG|Strategy,1
292730,Call of Duty®: Infinite Warfare,2016,59.99,8685,5265,0.6062,Action|Adventure,1
292910,Deponia: The Complete Journey,2014,29.99,1286,1045,0.8126,Adventure,0
3070070,TCG Card Shop Simulator,2024,12.99,26634,26027,0.9772,Simulation|Early Access,0
723780,Modern Combat Versus,2017,0.0,0,0,,Action|Adventure|Free To Play,1
657200,Hand Simulator,2017,2.99,9938,8302,0.8354,Simulation,1
311340,METAL GEAR SOLID V: GROUND ZEROES,2014,19.99,7298,6087,0.8341,Action|Adventure,0
232050,Eador. Masters of the Broken World,2013,19.99,823,495,0.6015,Indie|RPG|Strategy,1
1562430,DREDGE,2023,24.99,25983,25000,0.9622,Adventure|RPG,0
427270,Orcs Must Die! Unchained,2017,0.0,97,61,0.6289,Action|Free To Play|Strategy,1
1178830,Bright Memory: Infinite,2021,19.99,4473,3846,0.8598,Action|Indie,0
108710,Alan Wake,2012,14.99,13823,12260,0.8869,Action|Adventure,0
1290000,PowerWash Simulator,2022,24.99,35117,34372,0.9788,Casual|Indie|Simulation,1
666220,CS2D,2017,0.0,0,0,,Action|Casual|Indie|Free To Play,1
2231450,Pizza Tower,2023,19.99,42601,41961,0.985,Action|Indie,1
736220,Squad 44,2018,29.99,11413,9164,0.8029,Action|Indie|Massively Multiplayer|Strategy,1
32430,STAR WARS™ - The Force Unleashed™ Ultimate Sith Edition,2009,19.99,4794,3574,0.7455,Action,0
613010,Secret in Story,2017,0.99,11,9,0.8182,Adventure|Indie,0
599140,Graveyard Keeper,2018,19.99,15675,13254,0.8456,Adventure|Indie|RPG|Simulation,0
447020,Farming Simulator 17,2016,14.99,6850,6357,0.928,Simulation,1
753640,Outer Wilds,2020,24.99,43148,41056,0.9515,Action|Adventure,0
209670,Cortex Command,2012,19.99,1268,1012,0.7981,Action|Indie|Strategy,1
837470,Untitled Goose Game,2020,19.99,9050,8703,0.9617,Action|Indie,1
245620,Tropico 5,2014,19.99,4701,3589,0.7635,RPG|Simulation|Strategy,1
1384160,GUILTY GEAR -STRIVE-,2021,39.99,29624,27305,0.9217,Action,1
899440,GOD EATER 3,2019,59.99,2970,2584,0.87,Action,1
805550,Assetto Corsa Competizione,2019,39.99,11982,11077,0.9245,Racing|Simulation|Sports,1
6020,STAR WARS™ Jedi Knight - Jedi Academy™,2009,9.99,6967,6672,0.9577,Action,1
4760,Rome: Total War™ - Collection,2007,0.0,8483,8040,0.9478,Strategy,1
253900,Knights and Merchants,2013,9.99,820,677,0.8256,Simulation|Strategy,1
445980,Wizard of Legend,2018,15.99,7055,6444,0.9134,Action|Adventure|Indie,1
529340,Victoria 3,2022,49.99,17663,12084,0.6841,Simulation|Strategy,1
1475810,Ghostwire: Tokyo,2022,59.99,4724,3981,0.8427,Action,0
1016920,Unrailed!,2020,19.99,4379,4149,0.9475,Action|Casual|Indie,1
955050,Bright Memory,2020,7.99,5289,4585,0.8669,Action|Adventure|Indie,0
1113000,Persona 4 Golden,2020,19.99,42994,41890,0.9743,RPG,0
223850,3DMark,,34.99,7061,6539,0.9261,Utilities,0
675010,MudRunner,2017,19.99,9948,9023,0.907,Simulation,1
444640,Bloons TD Battles,2016,0.0,261,232,0.8889,Action|Free To Play|Strategy,0
209160,Call of Duty®: Ghosts,2014,59.99,5947,3424,0.5758,Action,1
261110,Killer is Dead - Nightmare Edition,2014,19.99,1771,1337,0.7549,Action,0
474960,Quantum Break,2016,39.99,6623,5530,0.835,Action,0
302670,Call to Arms,2018,14.99,8223,6630,0.8063,Action|Indie|Simulation|Strategy,1
301640,Zombie Army Trilogy,2015,44.99,4849,4144,0.8546,Action,1
573100,Battlefleet Gothic: Armada 2,2019,19.99,5341,3994,0.7478,Strategy,1
41000,Serious Sam HD: The First Encounter,2009,14.99,2280,2086,0.9149,Action|Indie,1
1190000,Car Mechanic Simulator 2021,2021,24.99,13787,13219,0.9588,Racing|Simulation,0
337320,Paint the Town Red,2021,19.99,12847,12315,0.9586,Action|Indie,1
410320,EARTH DEFENSE FORCE 4.1 The Shadow of New Despair,2016,19.99,5681,5481,0.9648,Action,1
34870,Sniper: Ghost Warrior 2,2013,9.99,3721,2579,0.6931,Action,1
334210,Fortified,2016,14.99,145,110,0.7586,Action|Indie|Strategy,1
250400,How to Survive,2014,14.99,4581,3499,0.7638,Action|Adventure|RPG,1
257510,The Talos Principle,2014,29.99,16514,15781,0.9556,Action|Adventure|Indie,0
603850,Age of History II,2018,4.99,8661,7503,0.8663,Strategy,1
1755910,Capcom Arcade 2nd Stadium,2022,59.99,90,59,0.6556,Action|Free To Play,1
108800,Crysis 2 - Maximum Edition,2011,29.99,3191,2629,0.8239,Action,0
257350,Baldur's Gate II: Enhanced Edition,2013,19.99,5307,4876,0.9188,Adventure|RPG,1
208580,STAR WARS™ Knights of the Old Republic™ II - The Sith Lords™,2012,9.99,16783,15777,0.9401,RPG,0
1262580,Need for Speed™ Payback,2020,29.99,6685,5703,0.8531,Action|Adventure|Racing|Sports|Strategy,1
843380,Super Animal Royale,2021,0.0,3100,2976,0.96,Action|Adventure|Casual|Indie|Massively Multiplayer|Free To Play,1
55110,Red Faction®: Armageddon™,2011,19.99,1245,829,0.6659,Action,1
1987080,Inside the Backrooms,2022,6.99,9968,8039,0.8065,Adventure|Indie|Early Access,1
252530,OMSI 2: Steam Edition,2013,29.99,2170,1761,0.8115,Casual|Simulation,0
231060,Ragnarok Online 2,2013,0.0,8,5,0.625,Free To Play|Massively Multiplayer|RPG,1
230290,Universe Sandbox,2015,29.99,16641,16062,0.9652,Casual|Indie|Simulation|Early Access,0
239350,Spelunky,2013,14.99,10032,9235,0.9206,Indie,1
278080,DYNASTY WARRIORS 8: Xtreme Legends Complete Edition,2014,49.99,3452,2770,0.8024,Action,1
939960,Far Cry® New Dawn,2019,39.99,13450,10143,0.7541,Action|Adventure,1
3146520,WEBFISHING,2024,4.99,46946,46004,0.9799,Casual|Indie|Massively Multiplayer,1
24780,SimCity™ 4 Deluxe Edition,2010,19.99,5034,4084,0.8113,Simulation|Strategy,0
392160,X4: Foundations,2018,49.99,11021,8607,0.781,Action|Simulation|Strategy,0
673950,Farm Together,2018,19.99,4615,4299,0.9315,Casual|Indie|Simulation,1
323850,Move or Die,2016,14.99,3228,2761,0.8553,Action|Indie,1
17480,Command & Conquer™ Red Alert™ 3,2009,0.0,5334,4455,0.8352,Action|Strategy,0
673130,AMID EVIL,2019,19.99,5144,4855,0.9438,Action|Adventure|Indie,0
22350,BRINK,2011,0.0,1479,824,0.5571,Action|Free To Play,1
462780,Darksiders Warmastered Edition,2016,19.99,3703,3190,0.8615,Action|Adventure|RPG,0
26800,Braid,2009,14.99,3398,3096,0.9111,Casual|Indie|Strategy,0
515690,Warriors of Vilvatikta,2016,1.99,24,11,0.4583,Adventure|Indie|RPG,0
460920,Steep™,2016,29.99,11507,9720,0.8447,Action|Sports,1
2096600,Crysis 2 Remastered,2022,29.99,1501,1293,0.8614,Action,0
1094520,Sands of Salzaar,2021,14.99,1922,1485,0.7726,Adventure|Indie|RPG|Strategy,0
1388770,Cruelty Squad,2021,19.99,17131,16630,0.9708,Action|Indie|Simulation,0
475550,Beholder,2016,13.99,2802,2299,0.8205,Adventure|Indie|Strategy,0
552100,Brick Rigs,2023,18.99,24345,23068,0.9475,Simulation,1
226840,Age of Wonders III,2014,29.99,4504,3699,0.8213,RPG|Strategy,1
239200,Amnesia: A Machine for Pigs,2013,19.99,4124,2679,0.6496,Action|Adventure|Indie,0
590380,Into the Breach,2018,14.99,11540,10856,0.9407,Indie|RPG|Simulation|Strategy,0
20510,S.T.A.L.K.E.R.: Clear Sky,2008,19.99,5033,4099,0.8144,Action|RPG,1
246900,Viscera Cleanup Detail,2015,12.99,9850,9204,0.9344,Indie|Simulation,1
450390,The Lab,2016,0.0,221,204,0.9231,Free To Play,0
202750,Alan Wake's American Nightmare,2012,8.99,2991,2244,0.7503,Action|Adventure,0
560130,Pillars of Eternity II: Deadfire,2018,39.99,7828,6878,0.8786,RPG,0
1129580,Medieval Dynasty,2021,34.99,16741,14978,0.8947,Action|Adventure|Indie|RPG|Simulation,1
293540,Guns and Robots,2014,0.0,11,3,0.2727,Action|Indie|Massively Multiplayer|RPG,1
374040,Portal Knights,2017,19.99,4676,3908,0.8358,Action|Adventure|RPG,1
1929610,Demonologist,2023,19.99,9410,8025,0.8528,Action|Adventure|Indie,1
7760,X-COM: UFO Defense,2008,4.99,2354,2285,0.9707,Strategy,0
1296830,暖雪 Warm Snow,2022,17.99,1235,1169,0.9466,Action|Adventure|Indie|RPG,0
6910,Deus Ex: Game of the Year Edition,2007,6.99,9743,9299,0.9544,Action,1
265550,Dead Rising 3 Apocalypse Edition,2014,29.99,5556,4184,0.7531,Action,1
747660,Five Nights at Freddy's: Security Breach,2021,39.99,35312,30188,0.8549,Action|Adventure|Indie,0
1147550,Not For Broadcast,2022,24.99,4966,4733,0.9531,Adventure|Indie|Simulation,0
70000,Dino D-Day,2011,9.99,4619,4064,0.8798,Action|Indie,1
823500,BONEWORKS,2019,29.99,29038,26896,0.9262,Action|Adventure|Indie|Simulation,0
38420,Fallout Tactics: Brotherhood of Steel,2009,9.99,1412,1121,0.7939,Strategy,1
104900,ORION: Prelude,2013,0.99,11470,8984,0.7833,Action|Adventure|Indie|RPG,1
681660,Bless Online,2018,0.0,4563,1675,0.3671,Action|Adventure|Free To Play|Massively Multiplayer|RPG,1
1676130,Deadlink,2023,24.99,1902,1744,0.9169,Action|Indie,0
261030,The Walking Dead: Season Two,2013,14.99,12214,11677,0.956,Adventure,0
6900,Hitman: Codename 47,2007,7.99,1649,1064,0.6452,Action,0
249130,LEGO® Marvel™ Super Heroes,2013,19.99,6996,6539,0.9347,Action|Adventure,1
544750,SOULCALIBUR VI,2018,59.99,5398,4496,0.8329,Action,1
1017180,The Long Drive,2019,15.99,22440,20625,0.9191,Action|Adventure|Casual|Indie|Simulation|Early Access,0
920210,LEGO® Star Wars™: The Skywalker Saga,2022,49.99,25210,22744,0.9022,Action|Adventure,1
242640,Styx: Master of Shadows,2014,19.99,3860,3151,0.8163,Action,0
1301720,Escape Room - Der kranke Kollege,2020,0.0,2,0,0.0,Adventure|Casual|Free To Play,1
230230,Divinity: Original Sin (Classic),2014,0.0,5336,4811,0.9016,Adventure|Indie|RPG|Strategy,1
339280,Strife®,2015,0.0,23,16,0.6957,Action|RPG|Strategy|Free To Play,1
1846380,Need for Speed™ Unbound,2022,69.99,17215,10984,0.638,Action|Racing,1
383080,Sakura Clicker,2015,0.0,119,95,0.7983,Casual|Free To Play|Indie,0
640590,The LEGO® NINJAGO® Movie Video Game,2017,19.99,582,510,0.8763,Action,1
490220,Prismata,2018,0.0,94,85,0.9043,Free To Play|Indie|Simulation|Strategy|Early Access,1
1266680,Strobophagia | Rave Horror,2020,19.99,67,57,0.8507,Adventure|Indie,0
262280,Dungeons 2,2015,19.99,1035,782,0.7556,RPG|Simulation|Strategy,1
40970,Stronghold Crusader HD (2012),2013,9.99,5816,5664,0.9739,Simulation|Strategy,1
4580,"Warhammer® 40,000: Dawn of War® - Dark Crusade",2007,0.0,4579,4424,0.9661,Strategy,1
699130,World War Z,2021,29.99,5810,4952,0.8523,Action,1
429470,Space Pilgrim Episode I: Alpha Centauri,2015,0.0,442,414,0.9367,Adventure|Indie,0
8230,Sam & Max 104: Abe Lincoln Must Die!,2007,0.0,11,11,1.0,Action|Adventure,0
234630,Project CARS,2015,0.0,3968,2940,0.7409,Racing|Simulation|Sports,1
9450,"Warhammer® 40,000: Dawn of War® - Soulstorm",2008,0.0,7650,7268,0.9501,Strategy,1
